EventId,EventParticipation_Bidder_UserId,EventParticipation_SupplierId,EventParticipation_SupplierCity,EventParticipation_SupplierState,EventParticipation_SupplierCountry,EventParticipation_AwardedFlag,fraud,EventSummary_InvitedSuppliers,EventSummary_ParticipSuppliers,EventSummary_ParticipationRate
Doc6737990,zwwu,sid809,Dongguan,Guangdong,CN,True,1,6.0,6.0,100.0
Doc6737990,pseudotaggeds1,sid800,Chiyoda-ku,Tokyo,JP,True,1,6.0,6.0,100.0
Doc6756668,ptaylor,sid516,Santa Clara,CA,US,True,0,6.0,6.0,100.0
Doc6738020,mwxiao,sid808,Guangzhou,Guangdong,CN,True,0,6.0,6.0,100.0
Doc6737975,ptaylor,sid516,Santa Clara,CA,US,True,0,6.0,6.0,100.0
Doc6756651,ptaylor,sid516,Santa Clara,CA,US,True,0,6.0,6.0,100.0
Doc6737975,zwwu,sid809,Dongguan,Guangdong,CN,True,0,6.0,6.0,100.0
Doc6756634,zwwu,sid809,Dongguan,Guangdong,CN,True,0,6.0,6.0,100.0
Doc6756366,mwxiao,sid808,Guangzhou,Guangdong,CN,True,0,6.0,6.0,100.0
Doc6756634,ptaylor,sid516,Santa Clara,CA,US,True,0,6.0,6.0,100.0
Doc6755435,ptaylor,sid516,Santa Clara,CA,US,True,0,6.0,6.0,100.0
Doc6756634,mwxiao,sid808,Guangzhou,Guangdong,CN,True,0,6.0,6.0,100.0
Doc6756366,ptaylor,sid516,Santa Clara,CA,US,True,0,6.0,6.0,100.0
Doc6756668,mwxiao,sid808,Guangzhou,Guangdong,CN,True,0,6.0,6.0,100.0
Doc6755435,zwwu,sid809,Dongguan,Guangdong,CN,True,0,6.0,6.0,100.0
Doc6756668,zwwu,sid809,Dongguan,Guangdong,CN,True,0,6.0,6.0,100.0
Doc6738005,pseudotaggeds1,sid800,Chiyoda-ku,Tokyo,JP,True,0,6.0,6.0,100.0
Doc6756651,pseudotaggeds1,sid800,Chiyoda-ku,Tokyo,JP,True,0,6.0,6.0,100.0
Doc6756366,zwwu,sid809,Dongguan,Guangdong,CN,True,0,6.0,6.0,100.0
Doc6756668,pseudotaggeds1,sid800,Chiyoda-ku,Tokyo,JP,True,0,6.0,6.0,100.0
Doc6755435,mwxiao,sid808,Guangzhou,Guangdong,CN,True,0,6.0,6.0,100.0
Doc6756349,ptaylor,sid516,Santa Clara,CA,US,True,0,6.0,6.0,100.0
Doc6738005,ptaylor,sid516,Santa Clara,CA,US,True,0,6.0,6.0,100.0
Doc6738005,zwwu,sid809,Dongguan,Guangdong,CN,True,0,6.0,6.0,100.0
Doc6756651,zwwu,sid809,Dongguan,Guangdong,CN,True,0,6.0,6.0,100.0
Doc6738020,pseudotaggeds1,sid800,Chiyoda-ku,Tokyo,JP,True,0,6.0,6.0,100.0
Doc6756651,mwxiao,sid808,Guangzhou,Guangdong,CN,True,0,6.0,6.0,100.0
Doc6756349,zwwu,sid809,Dongguan,Guangdong,CN,True,0,6.0,6.0,100.0
Doc6737990,mwxiao,sid808,Guangzhou,Guangdong,CN,True,1,6.0,6.0,100.0
Doc6756349,pseudotaggeds1,sid800,Chiyoda-ku,Tokyo,JP,True,0,6.0,6.0,100.0
Doc6756634,pseudotaggeds1,sid800,Chiyoda-ku,Tokyo,JP,True,0,6.0,6.0,100.0
Doc6738005,mwxiao,sid808,Guangzhou,Guangdong,CN,True,0,6.0,6.0,100.0
Doc6756685,ptaylor,sid516,Santa Clara,CA,US,True,0,6.0,6.0,100.0
Doc6738020,zwwu,sid809,Dongguan,Guangdong,CN,True,0,6.0,6.0,100.0
Doc6755745,pseudotaggeds1,sid800,Chiyoda-ku,Tokyo,JP,True,0,6.0,6.0,100.0
Doc6737975,pseudotaggeds1,sid800,Chiyoda-ku,Tokyo,JP,True,0,6.0,6.0,100.0
Doc6755494,mwxiao,sid808,Guangzhou,Guangdong,CN,True,0,6.0,6.0,100.0
Doc6738020,ptaylor,sid516,Santa Clara,CA,US,True,0,6.0,6.0,100.0
Doc6755779,pseudotaggeds1,sid800,Chiyoda-ku,Tokyo,JP,True,0,6.0,6.0,100.0
Doc6737990,ptaylor,sid516,Santa Clara,CA,US,True,1,6.0,6.0,100.0
Doc6755494,pseudotaggeds1,sid800,Chiyoda-ku,Tokyo,JP,True,0,6.0,6.0,100.0
Doc6737975,mwxiao,sid808,Guangzhou,Guangdong,CN,True,0,6.0,6.0,100.0
Doc6756366,pseudotaggeds1,sid800,Chiyoda-ku,Tokyo,JP,True,0,6.0,6.0,100.0
Doc6755511,ptaylor,sid516,Santa Clara,CA,US,True,0,6.0,6.0,100.0
Doc6755435,pseudotaggeds1,sid800,Chiyoda-ku,Tokyo,JP,True,0,6.0,6.0,100.0
Doc6755762,pseudotaggeds1,sid800,Chiyoda-ku,Tokyo,JP,True,0,6.0,6.0,100.0
Doc6755494,ptaylor,sid516,Santa Clara,CA,US,True,0,6.0,6.0,100.0
Doc6756349,mwxiao,sid808,Guangzhou,Guangdong,CN,True,0,6.0,6.0,100.0
Doc6755796,pseudotaggeds1,sid800,Chiyoda-ku,Tokyo,JP,True,0,6.0,6.0,100.0
Doc6755779,ptaylor,sid516,Santa Clara,CA,US,True,0,6.0,6.0,100.0
Doc6755460,ptaylor,sid516,Santa Clara,CA,US,True,0,6.0,6.0,100.0
Doc6755779,mwxiao,sid808,Guangzhou,Guangdong,CN,True,0,6.0,6.0,100.0
Doc6755477,ptaylor,sid516,Santa Clara,CA,US,True,0,6.0,6.0,100.0
Doc6744368,tphillips,sid501,Boston,MA,US,True,0,18.0,3.0,16.67
Doc6755728,ptaylor,sid516,Santa Clara,CA,US,True,0,6.0,6.0,100.0
Doc6755460,zwwu,sid809,Dongguan,Guangdong,CN,True,0,6.0,6.0,100.0
Doc6755728,mwxiao,sid808,Guangzhou,Guangdong,CN,True,0,6.0,6.0,100.0
Doc6755762,mwxiao,sid808,Guangzhou,Guangdong,CN,True,0,6.0,6.0,100.0
Doc6755511,zwwu,sid809,Dongguan,Guangdong,CN,True,0,6.0,6.0,100.0
Doc6755728,pseudotaggeds1,sid800,Chiyoda-ku,Tokyo,JP,True,0,6.0,6.0,100.0
Doc6755762,ptaylor,sid516,Santa Clara,CA,US,True,0,6.0,6.0,100.0
Doc6755477,mwxiao,sid808,Guangzhou,Guangdong,CN,True,0,6.0,6.0,100.0
Doc6755460,pseudotaggeds1,sid800,Chiyoda-ku,Tokyo,JP,True,0,6.0,6.0,100.0
Doc6755762,zwwu,sid809,Dongguan,Guangdong,CN,True,0,6.0,6.0,100.0
Doc6755511,mwxiao,sid808,Guangzhou,Guangdong,CN,True,0,6.0,6.0,100.0
Doc6755745,mwxiao,sid808,Guangzhou,Guangdong,CN,True,0,6.0,6.0,100.0
Doc6755745,zwwu,sid809,Dongguan,Guangdong,CN,True,0,6.0,6.0,100.0
Doc6755511,pseudotaggeds1,sid800,Chiyoda-ku,Tokyo,JP,True,0,6.0,6.0,100.0
Doc6755494,zwwu,sid809,Dongguan,Guangdong,CN,True,0,6.0,6.0,100.0
Doc6755796,ptaylor,sid516,Santa Clara,CA,US,True,0,6.0,6.0,100.0
Doc6755728,zwwu,sid809,Dongguan,Guangdong,CN,True,0,6.0,6.0,100.0
Doc6755779,zwwu,sid809,Dongguan,Guangdong,CN,True,0,6.0,6.0,100.0
Doc6755477,pseudotaggeds1,sid800,Chiyoda-ku,Tokyo,JP,True,0,6.0,6.0,100.0
Doc6755477,zwwu,sid809,Dongguan,Guangdong,CN,True,0,6.0,6.0,100.0
Doc6755460,mwxiao,sid808,Guangzhou,Guangdong,CN,True,0,6.0,6.0,100.0
Doc6755745,ptaylor,sid516,Santa Clara,CA,US,True,0,6.0,6.0,100.0
Doc6756030,mwxiao,sid808,Guangzhou,Guangdong,CN,True,0,6.0,6.0,100.0
Doc6756115,pseudotaggeds1,sid800,Chiyoda-ku,Tokyo,JP,True,0,6.0,6.0,100.0
Doc6756081,pseudotaggeds1,sid800,Chiyoda-ku,Tokyo,JP,True,0,6.0,6.0,100.0
Doc6756115,ptaylor,sid516,Santa Clara,CA,US,True,0,6.0,6.0,100.0
Doc6755796,zwwu,sid809,Dongguan,Guangdong,CN,True,0,6.0,6.0,100.0
Doc6756081,zwwu,sid809,Dongguan,Guangdong,CN,True,0,6.0,6.0,100.0
Doc6756047,ptaylor,sid516,Santa Clara,CA,US,True,0,6.0,6.0,100.0
Doc6756030,zwwu,sid809,Dongguan,Guangdong,CN,True,0,6.0,6.0,100.0
Doc6756047,pseudotaggeds1,sid800,Chiyoda-ku,Tokyo,JP,True,0,6.0,6.0,100.0
Doc6755813,zwwu,sid809,Dongguan,Guangdong,CN,True,0,6.0,6.0,100.0
Doc6756047,zwwu,sid809,Dongguan,Guangdong,CN,True,0,6.0,6.0,100.0
Doc6756064,pseudotaggeds1,sid800,Chiyoda-ku,Tokyo,JP,True,0,6.0,6.0,100.0
Doc6756115,zwwu,sid809,Dongguan,Guangdong,CN,True,0,6.0,6.0,100.0
Doc6755796,mwxiao,sid808,Guangzhou,Guangdong,CN,True,0,6.0,6.0,100.0
Doc6755813,ptaylor,sid516,Santa Clara,CA,US,True,0,6.0,6.0,100.0
Doc6756064,zwwu,sid809,Dongguan,Guangdong,CN,True,0,6.0,6.0,100.0
Doc6756064,ptaylor,sid516,Santa Clara,CA,US,True,0,6.0,6.0,100.0
Doc6756064,mwxiao,sid808,Guangzhou,Guangdong,CN,True,0,6.0,6.0,100.0
Doc6756115,mwxiao,sid808,Guangzhou,Guangdong,CN,True,0,6.0,6.0,100.0
Doc6756081,mwxiao,sid808,Guangzhou,Guangdong,CN,True,0,6.0,6.0,100.0
Doc6756030,ptaylor,sid516,Santa Clara,CA,US,True,0,6.0,6.0,100.0
Doc6756030,pseudotaggeds1,sid800,Chiyoda-ku,Tokyo,JP,True,0,6.0,6.0,100.0
Doc6756047,mwxiao,sid808,Guangzhou,Guangdong,CN,True,0,6.0,6.0,100.0
Doc6755813,pseudotaggeds1,sid800,Chiyoda-ku,Tokyo,JP,True,0,6.0,6.0,100.0
Doc6756081,ptaylor,sid516,Santa Clara,CA,US,True,0,6.0,6.0,100.0
Doc6755813,mwxiao,sid808,Guangzhou,Guangdong,CN,True,0,6.0,6.0,100.0
Doc6757274,ptaylor,sid516,Santa Clara,CA,US,True,0,6.0,6.0,100.0
Doc6757291,ptaylor,sid516,Santa Clara,CA,US,True,0,6.0,6.0,100.0
Doc6757376,ptaylor,sid516,Santa Clara,CA,US,True,0,6.0,6.0,100.0
Doc6757342,pseudotaggeds1,sid800,Chiyoda-ku,Tokyo,JP,True,0,6.0,6.0,100.0
Doc6757308,mwxiao,sid808,Guangzhou,Guangdong,CN,True,0,6.0,6.0,100.0
Doc6757393,zwwu,sid809,Dongguan,Guangdong,CN,True,0,6.0,6.0,100.0
Doc6757376,mwxiao,sid808,Guangzhou,Guangdong,CN,True,0,6.0,6.0,100.0
Doc6757325,zwwu,sid809,Dongguan,Guangdong,CN,True,0,6.0,6.0,100.0
Doc6757291,mwxiao,sid808,Guangzhou,Guangdong,CN,True,0,6.0,6.0,100.0
Doc6757274,zwwu,sid809,Dongguan,Guangdong,CN,True,0,6.0,6.0,100.0
Doc6757325,mwxiao,sid808,Guangzhou,Guangdong,CN,True,0,6.0,6.0,100.0
Doc6757308,pseudotaggeds1,sid800,Chiyoda-ku,Tokyo,JP,True,0,6.0,6.0,100.0
Doc6757376,zwwu,sid809,Dongguan,Guangdong,CN,True,0,6.0,6.0,100.0
Doc6757308,zwwu,sid809,Dongguan,Guangdong,CN,True,0,6.0,6.0,100.0
Doc6757291,zwwu,sid809,Dongguan,Guangdong,CN,True,0,6.0,6.0,100.0
Doc6757393,mwxiao,sid808,Guangzhou,Guangdong,CN,True,0,6.0,6.0,100.0
Doc6757274,mwxiao,sid808,Guangzhou,Guangdong,CN,True,0,6.0,6.0,100.0
Doc6757342,ptaylor,sid516,Santa Clara,CA,US,True,0,6.0,6.0,100.0
Doc6757308,ptaylor,sid516,Santa Clara,CA,US,True,0,6.0,6.0,100.0
Doc6757359,zwwu,sid809,Dongguan,Guangdong,CN,True,0,6.0,6.0,100.0
Doc6757393,ptaylor,sid516,Santa Clara,CA,US,True,0,6.0,6.0,100.0
Doc6757325,ptaylor,sid516,Santa Clara,CA,US,True,0,6.0,6.0,100.0
Doc6757359,pseudotaggeds1,sid800,Chiyoda-ku,Tokyo,JP,True,0,6.0,6.0,100.0
Doc6757342,zwwu,sid809,Dongguan,Guangdong,CN,True,0,6.0,6.0,100.0
Doc6757274,pseudotaggeds1,sid800,Chiyoda-ku,Tokyo,JP,True,0,6.0,6.0,100.0
Doc6757325,pseudotaggeds1,sid800,Chiyoda-ku,Tokyo,JP,True,0,6.0,6.0,100.0
Doc6757359,mwxiao,sid808,Guangzhou,Guangdong,CN,True,0,6.0,6.0,100.0
Doc6757393,pseudotaggeds1,sid800,Chiyoda-ku,Tokyo,JP,True,0,6.0,6.0,100.0
Doc6757291,pseudotaggeds1,sid800,Chiyoda-ku,Tokyo,JP,True,0,6.0,6.0,100.0
Doc6757359,ptaylor,sid516,Santa Clara,CA,US,True,0,6.0,6.0,100.0
Doc6757342,mwxiao,sid808,Guangzhou,Guangdong,CN,True,0,6.0,6.0,100.0
Doc6757376,pseudotaggeds1,sid800,Chiyoda-ku,Tokyo,JP,True,0,6.0,6.0,100.0
Doc6757410,ptaylor,sid516,Santa Clara,CA,US,True,0,6.0,6.0,100.0
Doc6756736,mwxiao,sid808,Guangzhou,Guangdong,CN,True,0,6.0,6.0,100.0
Doc6756719,zwwu,sid809,Dongguan,Guangdong,CN,True,0,6.0,6.0,100.0
Doc6756685,mwxiao,sid808,Guangzhou,Guangdong,CN,True,0,6.0,6.0,100.0
Doc6756753,pseudotaggeds1,sid800,Chiyoda-ku,Tokyo,JP,True,0,6.0,6.0,100.0
Doc6756753,mwxiao,sid808,Guangzhou,Guangdong,CN,True,0,6.0,6.0,100.0
Doc6756787,zwwu,sid809,Dongguan,Guangdong,CN,True,0,6.0,6.0,100.0
Doc6756736,pseudotaggeds1,sid800,Chiyoda-ku,Tokyo,JP,True,0,6.0,6.0,100.0
Doc6756787,mwxiao,sid808,Guangzhou,Guangdong,CN,True,0,6.0,6.0,100.0
Doc6756753,zwwu,sid809,Dongguan,Guangdong,CN,True,0,6.0,6.0,100.0
Doc6756685,zwwu,sid809,Dongguan,Guangdong,CN,True,0,6.0,6.0,100.0
Doc6756821,pseudotaggeds1,sid800,Chiyoda-ku,Tokyo,JP,True,0,6.0,6.0,100.0
Doc6756770,zwwu,sid809,Dongguan,Guangdong,CN,True,0,6.0,6.0,100.0
Doc6756787,ptaylor,sid516,Santa Clara,CA,US,True,0,6.0,6.0,100.0
Doc6756685,pseudotaggeds1,sid800,Chiyoda-ku,Tokyo,JP,True,0,6.0,6.0,100.0
Doc6756719,ptaylor,sid516,Santa Clara,CA,US,True,0,6.0,6.0,100.0
Doc6756702,ptaylor,sid516,Santa Clara,CA,US,True,0,6.0,6.0,100.0
Doc6756736,zwwu,sid809,Dongguan,Guangdong,CN,True,0,6.0,6.0,100.0
Doc6756770,pseudotaggeds1,sid800,Chiyoda-ku,Tokyo,JP,True,0,6.0,6.0,100.0
Doc6756702,zwwu,sid809,Dongguan,Guangdong,CN,True,0,6.0,6.0,100.0
Doc6756702,mwxiao,sid808,Guangzhou,Guangdong,CN,True,0,6.0,6.0,100.0
Doc6756719,pseudotaggeds1,sid800,Chiyoda-ku,Tokyo,JP,True,0,6.0,6.0,100.0
Doc6756770,mwxiao,sid808,Guangzhou,Guangdong,CN,True,0,6.0,6.0,100.0
Doc6756753,ptaylor,sid516,Santa Clara,CA,US,True,0,6.0,6.0,100.0
Doc6756770,ptaylor,sid516,Santa Clara,CA,US,True,0,6.0,6.0,100.0
Doc6756719,mwxiao,sid808,Guangzhou,Guangdong,CN,True,0,6.0,6.0,100.0
Doc6756787,pseudotaggeds1,sid800,Chiyoda-ku,Tokyo,JP,True,0,6.0,6.0,100.0
Doc6756702,pseudotaggeds1,sid800,Chiyoda-ku,Tokyo,JP,True,0,6.0,6.0,100.0
Doc6756821,ptaylor,sid516,Santa Clara,CA,US,True,0,6.0,6.0,100.0
Doc6756736,ptaylor,sid516,Santa Clara,CA,US,True,0,6.0,6.0,100.0
Doc6757257,zwwu,sid809,Dongguan,Guangdong,CN,True,0,6.0,6.0,100.0
Doc6757106,zwwu,sid809,Dongguan,Guangdong,CN,True,0,6.0,6.0,100.0
Doc6757072,ptaylor,sid516,Santa Clara,CA,US,True,0,6.0,6.0,100.0
Doc6757055,pseudotaggeds1,sid800,Chiyoda-ku,Tokyo,JP,True,0,6.0,6.0,100.0
Doc6757257,pseudotaggeds1,sid800,Chiyoda-ku,Tokyo,JP,True,0,6.0,6.0,100.0
Doc6757240,ptaylor,sid516,Santa Clara,CA,US,True,0,6.0,6.0,100.0
Doc6757257,mwxiao,sid808,Guangzhou,Guangdong,CN,True,0,6.0,6.0,100.0
Doc6757106,mwxiao,sid808,Guangzhou,Guangdong,CN,True,0,6.0,6.0,100.0
Doc6757123,pseudotaggeds1,sid800,Chiyoda-ku,Tokyo,JP,True,0,6.0,6.0,100.0
Doc6757055,zwwu,sid809,Dongguan,Guangdong,CN,True,0,6.0,6.0,100.0
Doc6757055,ptaylor,sid516,Santa Clara,CA,US,True,0,6.0,6.0,100.0
Doc6757072,pseudotaggeds1,sid800,Chiyoda-ku,Tokyo,JP,True,0,6.0,6.0,100.0
Doc6757089,pseudotaggeds1,sid800,Chiyoda-ku,Tokyo,JP,True,0,6.0,6.0,100.0
Doc6757072,zwwu,sid809,Dongguan,Guangdong,CN,True,0,6.0,6.0,100.0
Doc6757089,ptaylor,sid516,Santa Clara,CA,US,True,0,6.0,6.0,100.0
Doc6757240,zwwu,sid809,Dongguan,Guangdong,CN,True,0,6.0,6.0,100.0
Doc6757123,ptaylor,sid516,Santa Clara,CA,US,True,0,6.0,6.0,100.0
Doc6756821,mwxiao,sid808,Guangzhou,Guangdong,CN,True,0,6.0,6.0,100.0
Doc6756821,zwwu,sid809,Dongguan,Guangdong,CN,True,0,6.0,6.0,100.0
Doc6757055,mwxiao,sid808,Guangzhou,Guangdong,CN,True,0,6.0,6.0,100.0
Doc6757123,zwwu,sid809,Dongguan,Guangdong,CN,True,0,6.0,6.0,100.0
Doc6757240,mwxiao,sid808,Guangzhou,Guangdong,CN,True,0,6.0,6.0,100.0
Doc6757072,mwxiao,sid808,Guangzhou,Guangdong,CN,True,0,6.0,6.0,100.0
Doc6757089,zwwu,sid809,Dongguan,Guangdong,CN,True,0,6.0,6.0,100.0
Doc6757106,ptaylor,sid516,Santa Clara,CA,US,True,0,6.0,6.0,100.0
Doc6757106,pseudotaggeds1,sid800,Chiyoda-ku,Tokyo,JP,True,0,6.0,6.0,100.0
Doc6757240,pseudotaggeds1,sid800,Chiyoda-ku,Tokyo,JP,True,0,6.0,6.0,100.0
Doc6757123,mwxiao,sid808,Guangzhou,Guangdong,CN,True,0,6.0,6.0,100.0
Doc6757257,ptaylor,sid516,Santa Clara,CA,US,True,0,6.0,6.0,100.0
Doc6757089,mwxiao,sid808,Guangzhou,Guangdong,CN,True,0,6.0,6.0,100.0
Doc6757661,pseudotaggeds1,sid800,Chiyoda-ku,Tokyo,JP,True,0,6.0,6.0,100.0
Doc6757627,pseudotaggeds1,sid800,Chiyoda-ku,Tokyo,JP,True,0,6.0,6.0,100.0
Doc6757829,zwwu,sid809,Dongguan,Guangdong,CN,True,0,6.0,6.0,100.0
Doc6757712,zwwu,sid809,Dongguan,Guangdong,CN,True,0,6.0,6.0,100.0
Doc6757644,ptaylor,sid516,Santa Clara,CA,US,True,0,6.0,6.0,100.0
Doc6757627,zwwu,sid809,Dongguan,Guangdong,CN,True,0,6.0,6.0,100.0
Doc6757644,pseudotaggeds1,sid800,Chiyoda-ku,Tokyo,JP,True,0,6.0,6.0,100.0
Doc6757410,pseudotaggeds1,sid800,Chiyoda-ku,Tokyo,JP,True,0,6.0,6.0,100.0
Doc6757410,zwwu,sid809,Dongguan,Guangdong,CN,True,0,6.0,6.0,100.0
Doc6757829,mwxiao,sid808,Guangzhou,Guangdong,CN,True,0,6.0,6.0,100.0
Doc6757712,pseudotaggeds1,sid800,Chiyoda-ku,Tokyo,JP,True,0,6.0,6.0,100.0
Doc6757678,pseudotaggeds1,sid800,Chiyoda-ku,Tokyo,JP,True,0,6.0,6.0,100.0
Doc6757829,pseudotaggeds1,sid800,Chiyoda-ku,Tokyo,JP,True,0,6.0,6.0,100.0
Doc6757846,pseudotaggeds1,sid800,Chiyoda-ku,Tokyo,JP,True,0,6.0,6.0,100.0
Doc6757627,ptaylor,sid516,Santa Clara,CA,US,True,0,6.0,6.0,100.0
Doc6757678,zwwu,sid809,Dongguan,Guangdong,CN,True,0,6.0,6.0,100.0
Doc6757712,ptaylor,sid516,Santa Clara,CA,US,True,0,6.0,6.0,100.0
Doc6757644,mwxiao,sid808,Guangzhou,Guangdong,CN,True,0,6.0,6.0,100.0
Doc6757661,zwwu,sid809,Dongguan,Guangdong,CN,True,0,6.0,6.0,100.0
Doc6757661,ptaylor,sid516,Santa Clara,CA,US,True,0,6.0,6.0,100.0
Doc6757410,mwxiao,sid808,Guangzhou,Guangdong,CN,True,0,6.0,6.0,100.0
Doc6757627,mwxiao,sid808,Guangzhou,Guangdong,CN,True,0,6.0,6.0,100.0
Doc6757644,zwwu,sid809,Dongguan,Guangdong,CN,True,0,6.0,6.0,100.0
Doc6757829,ptaylor,sid516,Santa Clara,CA,US,True,0,6.0,6.0,100.0
Doc6757678,ptaylor,sid516,Santa Clara,CA,US,True,0,6.0,6.0,100.0
Doc6757661,mwxiao,sid808,Guangzhou,Guangdong,CN,True,0,6.0,6.0,100.0
Doc6757846,ptaylor,sid516,Santa Clara,CA,US,True,0,6.0,6.0,100.0
Doc6757712,mwxiao,sid808,Guangzhou,Guangdong,CN,True,0,6.0,6.0,100.0
Doc6757678,mwxiao,sid808,Guangzhou,Guangdong,CN,True,0,6.0,6.0,100.0
Doc6757914,ptaylor,sid516,Santa Clara,CA,US,True,0,6.0,6.0,100.0
Doc6757897,zwwu,sid809,Dongguan,Guangdong,CN,True,0,6.0,6.0,100.0
Doc6758131,zwwu,sid809,Dongguan,Guangdong,CN,True,0,6.0,6.0,100.0
Doc6757880,ptaylor,sid516,Santa Clara,CA,US,True,0,6.0,6.0,100.0
Doc6758165,zwwu,sid809,Dongguan,Guangdong,CN,True,0,6.0,6.0,100.0
Doc6758131,pseudotaggeds1,sid800,Chiyoda-ku,Tokyo,JP,True,0,6.0,6.0,100.0
Doc6757863,zwwu,sid809,Dongguan,Guangdong,CN,True,0,6.0,6.0,100.0
Doc6757863,mwxiao,sid808,Guangzhou,Guangdong,CN,True,0,6.0,6.0,100.0
Doc6758165,pseudotaggeds1,sid800,Chiyoda-ku,Tokyo,JP,True,0,6.0,6.0,100.0
Doc6757863,pseudotaggeds1,sid800,Chiyoda-ku,Tokyo,JP,True,0,6.0,6.0,100.0
Doc6758148,mwxiao,sid808,Guangzhou,Guangdong,CN,True,0,6.0,6.0,100.0
Doc6758182,mwxiao,sid808,Guangzhou,Guangdong,CN,True,0,6.0,6.0,100.0
Doc6757897,pseudotaggeds1,sid800,Chiyoda-ku,Tokyo,JP,True,0,6.0,6.0,100.0
Doc6757897,mwxiao,sid808,Guangzhou,Guangdong,CN,True,0,6.0,6.0,100.0
Doc6758148,pseudotaggeds1,sid800,Chiyoda-ku,Tokyo,JP,True,0,6.0,6.0,100.0
Doc6757914,pseudotaggeds1,sid800,Chiyoda-ku,Tokyo,JP,True,0,6.0,6.0,100.0
Doc6758182,pseudotaggeds1,sid800,Chiyoda-ku,Tokyo,JP,True,0,6.0,6.0,100.0
Doc6757880,pseudotaggeds1,sid800,Chiyoda-ku,Tokyo,JP,True,0,6.0,6.0,100.0
Doc6757914,mwxiao,sid808,Guangzhou,Guangdong,CN,True,0,6.0,6.0,100.0
Doc6757863,ptaylor,sid516,Santa Clara,CA,US,True,0,6.0,6.0,100.0
Doc6757897,ptaylor,sid516,Santa Clara,CA,US,True,0,6.0,6.0,100.0
Doc6757846,zwwu,sid809,Dongguan,Guangdong,CN,True,0,6.0,6.0,100.0
Doc6758182,ptaylor,sid516,Santa Clara,CA,US,True,0,6.0,6.0,100.0
Doc6757914,zwwu,sid809,Dongguan,Guangdong,CN,True,0,6.0,6.0,100.0
Doc6757846,mwxiao,sid808,Guangzhou,Guangdong,CN,True,0,6.0,6.0,100.0
Doc6757880,mwxiao,sid808,Guangzhou,Guangdong,CN,True,0,6.0,6.0,100.0
Doc6757880,zwwu,sid809,Dongguan,Guangdong,CN,True,0,6.0,6.0,100.0
Doc6758165,ptaylor,sid516,Santa Clara,CA,US,True,0,6.0,6.0,100.0
Doc6758182,zwwu,sid809,Dongguan,Guangdong,CN,True,0,6.0,6.0,100.0
Doc6758165,mwxiao,sid808,Guangzhou,Guangdong,CN,True,0,6.0,6.0,100.0
Doc6758148,zwwu,sid809,Dongguan,Guangdong,CN,True,0,6.0,6.0,100.0
Doc6758148,ptaylor,sid516,Santa Clara,CA,US,True,0,6.0,6.0,100.0
Doc6758131,mwxiao,sid808,Guangzhou,Guangdong,CN,True,0,6.0,6.0,100.0
Doc6758131,ptaylor,sid516,Santa Clara,CA,US,True,0,6.0,6.0,100.0
Doc6758367,mwxiao,sid808,Guangzhou,Guangdong,CN,True,0,6.0,6.0,100.0
Doc6758384,mwxiao,sid808,Guangzhou,Guangdong,CN,True,0,6.0,6.0,100.0
Doc6758216,ptaylor,sid516,Santa Clara,CA,US,True,0,6.0,6.0,100.0
Doc6758401,zwwu,sid809,Dongguan,Guangdong,CN,True,0,6.0,6.0,100.0
Doc6758199,mwxiao,sid808,Guangzhou,Guangdong,CN,True,0,6.0,6.0,100.0
Doc6758350,pseudotaggeds1,sid800,Chiyoda-ku,Tokyo,JP,True,0,6.0,6.0,100.0
Doc6758350,mwxiao,sid808,Guangzhou,Guangdong,CN,True,0,6.0,6.0,100.0
Doc6758216,pseudotaggeds1,sid800,Chiyoda-ku,Tokyo,JP,True,0,6.0,6.0,100.0
Doc6758735,ptaylor,sid516,Santa Clara,CA,US,True,0,6.0,6.0,100.0
Doc6758199,pseudotaggeds1,sid800,Chiyoda-ku,Tokyo,JP,True,0,6.0,6.0,100.0
Doc6758367,zwwu,sid809,Dongguan,Guangdong,CN,True,0,6.0,6.0,100.0
Doc6758401,mwxiao,sid808,Guangzhou,Guangdong,CN,True,0,6.0,6.0,100.0
Doc6758333,ptaylor,sid516,Santa Clara,CA,US,True,0,6.0,6.0,100.0
Doc6758333,mwxiao,sid808,Guangzhou,Guangdong,CN,True,0,6.0,6.0,100.0
Doc6758384,ptaylor,sid516,Santa Clara,CA,US,True,0,6.0,6.0,100.0
Doc6758333,pseudotaggeds1,sid800,Chiyoda-ku,Tokyo,JP,True,0,6.0,6.0,100.0
Doc6758199,zwwu,sid809,Dongguan,Guangdong,CN,True,0,6.0,6.0,100.0
Doc6758401,pseudotaggeds1,sid800,Chiyoda-ku,Tokyo,JP,True,0,6.0,6.0,100.0
Doc6758384,zwwu,sid809,Dongguan,Guangdong,CN,True,0,6.0,6.0,100.0
Doc6758216,mwxiao,sid808,Guangzhou,Guangdong,CN,True,0,6.0,6.0,100.0
Doc6758350,ptaylor,sid516,Santa Clara,CA,US,True,0,6.0,6.0,100.0
Doc6758367,ptaylor,sid516,Santa Clara,CA,US,True,0,6.0,6.0,100.0
Doc6758350,zwwu,sid809,Dongguan,Guangdong,CN,True,0,6.0,6.0,100.0
Doc6758216,zwwu,sid809,Dongguan,Guangdong,CN,True,0,6.0,6.0,100.0
Doc6758418,zwwu,sid809,Dongguan,Guangdong,CN,True,0,6.0,6.0,100.0
Doc6758418,ptaylor,sid516,Santa Clara,CA,US,True,0,6.0,6.0,100.0
Doc6758367,pseudotaggeds1,sid800,Chiyoda-ku,Tokyo,JP,True,0,6.0,6.0,100.0
Doc6758333,zwwu,sid809,Dongguan,Guangdong,CN,True,0,6.0,6.0,100.0
Doc6758199,ptaylor,sid516,Santa Clara,CA,US,True,0,6.0,6.0,100.0
Doc6758384,pseudotaggeds1,sid800,Chiyoda-ku,Tokyo,JP,True,0,6.0,6.0,100.0
Doc6758401,ptaylor,sid516,Santa Clara,CA,US,True,0,6.0,6.0,100.0
Doc6758418,pseudotaggeds1,sid800,Chiyoda-ku,Tokyo,JP,True,0,6.0,6.0,100.0
Doc6758418,mwxiao,sid808,Guangzhou,Guangdong,CN,True,0,6.0,6.0,100.0
Doc6759071,pseudotaggeds1,sid800,Chiyoda-ku,Tokyo,JP,True,0,6.0,6.0,100.0
Doc6758752,mwxiao,sid808,Guangzhou,Guangdong,CN,True,0,6.0,6.0,100.0
Doc6758803,zwwu,sid809,Dongguan,Guangdong,CN,True,0,6.0,6.0,100.0
Doc6759037,ptaylor,sid516,Santa Clara,CA,US,True,0,6.0,6.0,100.0
Doc6758820,zwwu,sid809,Dongguan,Guangdong,CN,True,0,6.0,6.0,100.0
Doc6758803,ptaylor,sid516,Santa Clara,CA,US,True,0,6.0,6.0,100.0
Doc6759054,pseudotaggeds1,sid800,Chiyoda-ku,Tokyo,JP,True,0,6.0,6.0,100.0
Doc6758769,zwwu,sid809,Dongguan,Guangdong,CN,True,0,6.0,6.0,100.0
Doc6758752,ptaylor,sid516,Santa Clara,CA,US,True,0,6.0,6.0,100.0
Doc6759054,zwwu,sid809,Dongguan,Guangdong,CN,True,0,6.0,6.0,100.0
Doc6758735,mwxiao,sid808,Guangzhou,Guangdong,CN,True,0,6.0,6.0,100.0
Doc6758786,zwwu,sid809,Dongguan,Guangdong,CN,True,0,6.0,6.0,100.0
Doc6758769,mwxiao,sid808,Guangzhou,Guangdong,CN,True,0,6.0,6.0,100.0
Doc6759037,pseudotaggeds1,sid800,Chiyoda-ku,Tokyo,JP,True,0,6.0,6.0,100.0
Doc6758752,pseudotaggeds1,sid800,Chiyoda-ku,Tokyo,JP,True,0,6.0,6.0,100.0
Doc6758752,zwwu,sid809,Dongguan,Guangdong,CN,True,0,6.0,6.0,100.0
Doc6759071,ptaylor,sid516,Santa Clara,CA,US,True,0,6.0,6.0,100.0
Doc6758735,zwwu,sid809,Dongguan,Guangdong,CN,True,0,6.0,6.0,100.0
Doc6758769,pseudotaggeds1,sid800,Chiyoda-ku,Tokyo,JP,True,0,6.0,6.0,100.0
Doc6758769,ptaylor,sid516,Santa Clara,CA,US,True,0,6.0,6.0,100.0
Doc6758786,mwxiao,sid808,Guangzhou,Guangdong,CN,True,0,6.0,6.0,100.0
Doc6759054,ptaylor,sid516,Santa Clara,CA,US,True,0,6.0,6.0,100.0
Doc6758786,ptaylor,sid516,Santa Clara,CA,US,True,0,6.0,6.0,100.0
Doc6759037,mwxiao,sid808,Guangzhou,Guangdong,CN,True,0,6.0,6.0,100.0
Doc6758803,mwxiao,sid808,Guangzhou,Guangdong,CN,True,0,6.0,6.0,100.0
Doc6758803,pseudotaggeds1,sid800,Chiyoda-ku,Tokyo,JP,True,0,6.0,6.0,100.0
Doc6759054,mwxiao,sid808,Guangzhou,Guangdong,CN,True,0,6.0,6.0,100.0
Doc6759037,zwwu,sid809,Dongguan,Guangdong,CN,True,0,6.0,6.0,100.0
Doc6758820,pseudotaggeds1,sid800,Chiyoda-ku,Tokyo,JP,True,0,6.0,6.0,100.0
Doc6758786,pseudotaggeds1,sid800,Chiyoda-ku,Tokyo,JP,True,0,6.0,6.0,100.0
Doc6758735,pseudotaggeds1,sid800,Chiyoda-ku,Tokyo,JP,True,0,6.0,6.0,100.0
Doc6758820,mwxiao,sid808,Guangzhou,Guangdong,CN,True,0,6.0,6.0,100.0
Doc6758820,ptaylor,sid516,Santa Clara,CA,US,True,0,6.0,6.0,100.0
Doc6759105,ptaylor,sid516,Santa Clara,CA,US,True,0,6.0,6.0,100.0
Doc6759340,pseudotaggeds1,sid800,Chiyoda-ku,Tokyo,JP,True,0,6.0,6.0,100.0
Doc6759071,mwxiao,sid808,Guangzhou,Guangdong,CN,True,0,6.0,6.0,100.0
Doc6759105,mwxiao,sid808,Guangzhou,Guangdong,CN,True,0,6.0,6.0,100.0
Doc6759392,pseudotaggeds1,sid800,Chiyoda-ku,Tokyo,JP,True,0,6.0,6.0,100.0
Doc6759088,zwwu,sid809,Dongguan,Guangdong,CN,True,0,6.0,6.0,100.0
Doc6759392,ptaylor,sid516,Santa Clara,CA,US,True,0,6.0,6.0,100.0
Doc6759357,pseudotaggeds1,sid800,Chiyoda-ku,Tokyo,JP,True,0,6.0,6.0,100.0
Doc6759088,ptaylor,sid516,Santa Clara,CA,US,True,0,6.0,6.0,100.0
Doc6759088,mwxiao,sid808,Guangzhou,Guangdong,CN,True,0,6.0,6.0,100.0
Doc6759122,ptaylor,sid516,Santa Clara,CA,US,True,0,6.0,6.0,100.0
Doc6759340,mwxiao,sid808,Guangzhou,Guangdong,CN,True,0,6.0,6.0,100.0
Doc6759340,ptaylor,sid516,Santa Clara,CA,US,True,0,6.0,6.0,100.0
Doc6759122,zwwu,sid809,Dongguan,Guangdong,CN,True,0,6.0,6.0,100.0
Doc6759357,zwwu,sid809,Dongguan,Guangdong,CN,True,0,6.0,6.0,100.0
Doc6759088,pseudotaggeds1,sid800,Chiyoda-ku,Tokyo,JP,True,0,6.0,6.0,100.0
Doc6759122,mwxiao,sid808,Guangzhou,Guangdong,CN,True,0,6.0,6.0,100.0
Doc6759409,ptaylor,sid516,Santa Clara,CA,US,True,0,6.0,6.0,100.0
Doc6759374,ptaylor,sid516,Santa Clara,CA,US,True,0,6.0,6.0,100.0
Doc6759392,zwwu,sid809,Dongguan,Guangdong,CN,True,0,6.0,6.0,100.0
Doc6759357,mwxiao,sid808,Guangzhou,Guangdong,CN,True,0,6.0,6.0,100.0
Doc6759409,pseudotaggeds1,sid800,Chiyoda-ku,Tokyo,JP,True,0,6.0,6.0,100.0
Doc6759105,pseudotaggeds1,sid800,Chiyoda-ku,Tokyo,JP,True,0,6.0,6.0,100.0
Doc6759071,zwwu,sid809,Dongguan,Guangdong,CN,True,0,6.0,6.0,100.0
Doc6759392,mwxiao,sid808,Guangzhou,Guangdong,CN,True,0,6.0,6.0,100.0
Doc6759357,ptaylor,sid516,Santa Clara,CA,US,True,0,6.0,6.0,100.0
Doc6759374,zwwu,sid809,Dongguan,Guangdong,CN,True,0,6.0,6.0,100.0
Doc6759409,zwwu,sid809,Dongguan,Guangdong,CN,True,0,6.0,6.0,100.0
Doc6759340,zwwu,sid809,Dongguan,Guangdong,CN,True,0,6.0,6.0,100.0
Doc6759105,zwwu,sid809,Dongguan,Guangdong,CN,True,0,6.0,6.0,100.0
Doc6759409,mwxiao,sid808,Guangzhou,Guangdong,CN,True,0,6.0,6.0,100.0
Doc6759374,pseudotaggeds1,sid800,Chiyoda-ku,Tokyo,JP,True,0,6.0,6.0,100.0
Doc6759374,mwxiao,sid808,Guangzhou,Guangdong,CN,True,0,6.0,6.0,100.0
Doc6759122,pseudotaggeds1,sid800,Chiyoda-ku,Tokyo,JP,True,0,6.0,6.0,100.0
Doc6759443,mwxiao,sid808,Guangzhou,Guangdong,CN,True,0,6.0,6.0,100.0
Doc6759426,ptaylor,sid516,Santa Clara,CA,US,True,0,6.0,6.0,100.0
Doc6759443,pseudotaggeds1,sid800,Chiyoda-ku,Tokyo,JP,True,0,6.0,6.0,100.0
Doc6759426,mwxiao,sid808,Guangzhou,Guangdong,CN,True,0,6.0,6.0,100.0
Doc6759426,pseudotaggeds1,sid800,Chiyoda-ku,Tokyo,JP,True,0,6.0,6.0,100.0
Doc6759426,zwwu,sid809,Dongguan,Guangdong,CN,True,0,6.0,6.0,100.0
Doc6762337,dstaley,sid503,San Jose,CA,US,True,0,26.0,2.0,7.69
Doc6759460,zwwu,sid809,Dongguan,Guangdong,CN,True,0,6.0,6.0,100.0
Doc6759460,ptaylor,sid516,Santa Clara,CA,US,True,0,6.0,6.0,100.0
Doc6759460,mwxiao,sid808,Guangzhou,Guangdong,CN,True,0,6.0,6.0,100.0
Doc6759443,zwwu,sid809,Dongguan,Guangdong,CN,True,0,6.0,6.0,100.0
Doc6759443,ptaylor,sid516,Santa Clara,CA,US,True,0,6.0,6.0,100.0
Doc6759460,pseudotaggeds1,sid800,Chiyoda-ku,Tokyo,JP,True,0,6.0,6.0,100.0
Doc6853094,dstaley,sid503,San Jose,CA,US,True,0,33.0,2.0,6.06
Doc6853112,dstaley,sid503,San Jose,CA,US,True,0,6.0,6.0,100.0
Doc6900882,sgavaskar,sid508,Sunnyvale,CA,US,True,0,68.0,4.0,5.88
Doc6900882,ktokuyama,sid802,Funabashi-shi,Chiba-ken,JP,True,0,68.0,4.0,5.88
Doc6915905,ktokuyama,sid802,Funabashi-shi,Chiba-ken,JP,True,0,6.0,6.0,100.0
Doc6972453,Samuel Patric,ACM_44110,Bangalore,Karnataka,IN,True,0,71.0,2.0,2.82
Doc6972434,Samuel Patric,ACM_44110,Bangalore,Karnataka,IN,True,0,71.0,3.0,4.23
Doc6972453,Tom milton,ACM_44106,Bangalore,Karnataka,IN,True,0,71.0,2.0,2.82
Doc6998796,Tom milton,ACM_44106,Bangalore,Karnataka,IN,True,1,68.0,2.0,2.94
Doc6999613,fsuser1,ACM_44114,Bangalore,Karnataka,IN,True,1,6.0,5.0,83.33
Doc7001865,fsuser1,ACM_44114,Bangalore,Karnataka,IN,True,1,6.0,6.0,100.0
Doc7001832,fsuser1,ACM_44114,Bangalore,Karnataka,IN,True,1,68.0,2.0,2.94
Doc7001940,Samuel Patric,ACM_44110,Bangalore,Karnataka,IN,True,1,6.0,6.0,100.0
Doc7001940,Tom milton,ACM_44106,Bangalore,Karnataka,IN,True,1,6.0,6.0,100.0
Doc6999590,fsuser1,ACM_44114,Bangalore,Karnataka,IN,True,1,6.0,5.0,83.33
